fanout,seed,status,elapsed_seconds,plans,search_calls,branches,rollbacks,trail_entries,intent_pairs_scanned,compatible_pairs,claim_branches,recruit_branches,exclude_branches,footprint_checks,footprint_matches,footprint_dynamic_matches,footprint_exchange_matches,footprint_location_matches,max_search_steps,max_search_depth,max_intents,max_roots,max_claim_group,max_trail
4,1,ok,0.012823820,87,171,45,45,2186,8,8,16,11,0,109,17,3,8,0,8,7,2,3,1,106
4,2,ok,0.008747101,87,172,46,46,2197,8,8,16,11,0,111,17,3,8,0,8,7,2,3,1,106
4,3,ok,0.007726908,87,167,41,41,2146,8,8,16,11,0,99,17,3,8,0,8,7,2,3,1,106
4,4,ok,0.008504152,87,171,45,45,2186,8,8,16,11,0,105,17,3,8,0,8,7,2,3,1,106
4,5,ok,0.007672071,87,171,45,45,2187,8,8,16,11,0,108,17,3,8,0,8,7,2,3,1,106
4,6,ok,0.008071899,87,172,46,46,2197,8,8,16,11,0,109,17,3,8,0,8,7,2,3,1,106
4,7,ok,0.008065939,87,170,44,44,2177,8,8,16,11,0,107,17,3,8,0,8,7,2,3,1,106
4,8,ok,0.008790970,87,166,40,40,2136,8,8,16,11,0,94,17,3,8,0,8,7,2,3,1,106
4,9,ok,0.008226156,87,173,47,47,2206,8,8,16,11,0,115,17,3,8,0,8,7,2,3,1,106
4,10,ok,0.007759094,87,170,44,44,2177,8,8,16,11,0,105,17,3,8,0,8,7,2,3,1,106
4,11,ok,0.007961035,87,170,44,44,2176,8,8,16,11,0,108,17,3,8,0,8,7,2,3,1,106
4,12,ok,0.007873058,87,169,43,43,2167,8,8,16,11,0,102,17,3,8,0,8,7,2,3,1,106
4,13,ok,0.007647038,87,168,42,42,2156,8,8,16,11,0,98,17,3,8,0,8,7,2,3,1,106
4,14,ok,0.007987022,87,174,48,48,2217,8,8,16,11,0,115,17,3,8,0,8,7,2,3,1,106
4,15,ok,0.007591963,87,169,43,43,2167,8,8,16,11,0,104,17,3,8,0,8,7,2,3,1,106
4,16,ok,0.007482052,87,168,42,42,2156,8,8,16,11,0,104,17,3,8,0,8,7,2,3,1,106
5,1,ok,0.010374784,102,202,52,52,2560,10,10,18,14,0,160,22,4,10,0,8,7,2,3,1,106
5,2,ok,0.009300947,102,200,50,50,2539,10,10,18,14,0,161,22,4,10,0,8,7,2,3,1,106
5,3,ok,0.010126114,102,198,48,48,2519,10,10,18,14,0,155,22,4,10,0,8,7,2,3,1,106
5,4,ok,0.009459972,102,203,53,53,2570,10,10,18,14,0,160,22,4,10,0,8,7,2,3,1,106
5,5,ok,0.010058880,102,200,50,50,2539,10,10,18,14,0,159,22,4,10,0,8,7,2,3,1,106
5,6,ok,0.009193897,102,202,52,52,2560,10,10,18,14,0,160,22,4,10,0,8,7,2,3,1,106
5,7,ok,0.009016037,102,197,47,47,2509,10,10,18,14,0,146,22,4,10,0,8,7,2,3,1,106
5,8,ok,0.009145975,102,196,46,46,2499,10,10,18,14,0,143,22,4,10,0,8,7,2,3,1,106
5,9,ok,0.009109974,102,204,54,54,2580,10,10,18,14,0,166,22,4,10,0,8,7,2,3,1,106
5,10,ok,0.008971930,102,199,49,49,2529,10,10,18,14,0,156,22,4,10,0,8,7,2,3,1,106
5,11,ok,0.008929014,102,199,49,49,2529,10,10,18,14,0,154,22,4,10,0,8,7,2,3,1,106
5,12,ok,0.008813143,102,197,47,47,2509,10,10,18,14,0,146,22,4,10,0,8,7,2,3,1,106
5,13,ok,0.009049177,102,200,50,50,2540,10,10,18,14,0,153,22,4,10,0,8,7,2,3,1,106
5,14,ok,0.009019852,102,204,54,54,2580,10,10,18,14,0,166,22,4,10,0,8,7,2,3,1,106
5,15,ok,0.008988857,102,197,47,47,2509,10,10,18,14,0,149,22,4,10,0,8,7,2,3,1,106
5,16,ok,0.008976936,102,200,50,50,2539,10,10,18,14,0,157,22,4,10,0,8,7,2,3,1,106
6,1,ok,0.012631178,121,242,64,64,3025,12,12,21,17,0,252,27,5,12,0,8,7,2,3,1,106
6,2,ok,0.011676073,121,239,61,61,2996,12,12,21,17,0,235,27,5,12,0,8,7,2,3,1,106
6,3,ok,0.011765003,121,240,62,62,3006,12,12,21,17,0,248,27,5,12,0,8,7,2,3,1,106
6,4,ok,0.011463881,121,242,64,64,3025,12,12,21,17,0,246,27,5,12,0,8,7,2,3,1,106
6,5,ok,0.011097193,121,240,62,62,3006,12,12,21,17,0,240,27,5,12,0,8,7,2,3,1,106
6,6,ok,0.011557102,121,243,65,65,3035,12,12,21,17,0,259,27,5,12,0,8,7,2,3,1,106
6,7,ok,0.011606216,121,238,60,60,2986,12,12,21,17,0,232,27,5,12,0,8,7,2,3,1,106
6,8,ok,0.010955095,121,239,61,61,2996,12,12,21,17,0,237,27,5,12,0,8,7,2,3,1,106
6,9,ok,0.010509968,121,243,65,65,3035,12,12,21,17,0,252,27,5,12,0,8,7,2,3,1,106
6,10,ok,0.011327028,121,238,60,60,2986,12,12,21,17,0,236,27,5,12,0,8,7,2,3,1,106
6,11,ok,0.010807037,121,241,63,63,3015,12,12,21,17,0,253,27,5,12,0,8,7,2,3,1,106
6,12,ok,0.011209011,121,238,60,60,2985,12,12,21,17,0,233,27,5,12,0,8,7,2,3,1,106
6,13,ok,0.014602900,121,240,62,62,3006,12,12,21,17,0,240,27,5,12,0,8,7,2,3,1,106
6,14,ok,0.010900974,121,244,66,66,3046,12,12,21,17,0,252,27,5,12,0,8,7,2,3,1,106
6,15,ok,0.010818005,121,238,60,60,2986,12,12,21,17,0,236,27,5,12,0,8,7,2,3,1,106
6,16,ok,0.014400005,121,241,63,63,3015,12,12,21,17,0,249,27,5,12,0,8,7,2,3,1,106
7,1,ok,0.017415047,142,278,71,71,3465,14,14,25,20,0,337,32,6,14,0,8,7,2,3,1,106
7,2,ok,0.015455961,142,276,69,69,3444,14,14,25,20,0,323,32,6,14,0,8,7,2,3,1,106
7,3,ok,0.013486862,142,277,70,70,3455,14,14,25,20,0,322,32,6,14,0,8,7,2,3,1,106
7,4,ok,0.015364885,142,276,69,69,3444,14,14,25,20,0,323,32,6,14,0,8,7,2,3,1,106
7,5,ok,0.013393879,142,277,70,70,3455,14,14,25,20,0,321,32,6,14,0,8,7,2,3,1,106
7,6,ok,0.013134956,142,279,72,72,3475,14,14,25,20,0,338,32,6,14,0,8,7,2,3,1,106
7,7,ok,0.015966177,142,275,68,68,3434,14,14,25,20,0,320,32,6,14,0,8,7,2,3,1,106
7,8,ok,0.013435125,142,275,68,68,3435,14,14,25,20,0,310,32,6,14,0,8,7,2,3,1,106
7,9,ok,0.012977839,142,278,71,71,3464,14,14,25,20,0,337,32,6,14,0,8,7,2,3,1,106
7,10,ok,0.013129950,142,275,68,68,3434,14,14,25,20,0,318,32,6,14,0,8,7,2,3,1,106
7,11,ok,0.013036013,142,276,69,69,3445,14,14,25,20,0,324,32,6,14,0,8,7,2,3,1,106
7,12,ok,0.015493870,142,275,68,68,3434,14,14,25,20,0,327,32,6,14,0,8,7,2,3,1,106
7,13,ok,0.015399933,142,277,70,70,3455,14,14,25,20,0,321,32,6,14,0,8,7,2,3,1,106
7,14,ok,0.013035059,142,278,71,71,3464,14,14,25,20,0,330,32,6,14,0,8,7,2,3,1,106
7,15,ok,0.013346910,142,275,68,68,3434,14,14,25,20,0,318,32,6,14,0,8,7,2,3,1,106
7,16,ok,0.012901068,142,276,69,69,3445,14,14,25,20,0,326,32,6,14,0,8,7,2,3,1,106
8,1,ok,0.016791105,160,312,78,78,3862,16,16,27,23,0,443,37,7,16,0,8,7,2,3,1,106
8,2,ok,0.014908075,160,308,74,74,3821,16,16,27,23,0,419,37,7,16,0,8,7,2,3,1,106
8,3,ok,0.014529943,160,312,78,78,3862,16,16,27,23,0,444,37,7,16,0,8,7,2,3,1,106
8,4,ok,0.015105963,160,309,75,75,3831,16,16,27,23,0,427,37,7,16,0,8,7,2,3,1,106
8,5,ok,0.016015053,160,310,76,76,3842,16,16,27,23,0,426,37,7,16,0,8,7,2,3,1,106
8,6,ok,0.015691996,160,311,77,77,3852,16,16,27,23,0,434,37,7,16,0,8,7,2,3,1,106
8,7,ok,0.018060923,160,306,72,72,3801,16,16,27,23,0,407,37,7,16,0,8,7,2,3,1,106
8,8,ok,0.016988039,160,308,74,74,3821,16,16,27,23,0,423,37,7,16,0,8,7,2,3,1,106
8,9,ok,0.014938116,160,311,77,77,3851,16,16,27,23,0,442,37,7,16,0,8,7,2,3,1,106
8,10,ok,0.014272928,160,307,73,73,3812,16,16,27,23,0,405,37,7,16,0,8,7,2,3,1,106
8,11,ok,0.013997078,160,309,75,75,3832,16,16,27,23,0,428,37,7,16,0,8,7,2,3,1,106
8,12,ok,0.017344952,160,306,72,72,3801,16,16,27,23,0,415,37,7,16,0,8,7,2,3,1,106
8,13,ok,0.015339136,160,310,76,76,3842,16,16,27,23,0,426,37,7,16,0,8,7,2,3,1,106
8,14,ok,0.015342951,160,311,77,77,3851,16,16,27,23,0,434,37,7,16,0,8,7,2,3,1,106
8,15,ok,0.016614914,160,306,72,72,3801,16,16,27,23,0,405,37,7,16,0,8,7,2,3,1,106
8,16,ok,0.014759064,160,310,76,76,3842,16,16,27,23,0,439,37,7,16,0,8,7,2,3,1,106
